{"training_loss": [2.2847159951544174, 2.04704131342261, 1.873041465916597, 1.7205229595189204, 1.6051193091570568, 1.5312272583127327, 1.478080991893778, 1.4340909658490544, 1.3925658256349052, 1.354638045553661, 1.31917154400245, 1.2843141621335998, 1.2542983256185147, 1.2237290792605455, 1.1931896032884604, 1.1712893746850435, 1.140675228803664, 1.119180468113526, 1.09686745173486, 1.0755419761628446], "training_acc": [15.812, 26.386, 32.546, 37.582, 41.386, 44.278, 46.424, 48.208, 49.822, 51.124, 52.668, 54.044, 54.87, 56.25, 57.19, 58.402, 59.562, 60.39, 61.08, 62.028], "val_loss": [2.2131559712112328, 1.9252310710348142, 1.7839767598802116, 1.6618735175223867, 1.546421700222477, 1.49819854869964, 1.4447790634859898, 1.404083191209538, 1.4191850028979551, 1.3741803700756874, 1.3204067979648615, 1.3312574587050516, 1.2615990061668834, 1.2297225621095889, 1.249319240545771, 1.209336653256872, 1.1923340103428834, 1.1645180062883218, 1.1479328718914348, 1.1624509335323503], "val_acc": [20.43, 30.93, 35.46, 39.16, 43.84, 45.56, 47.45, 49.15, 49.08, 50.82, 52.97, 52.99, 55.15, 56.45, 56.26, 57.66, 58.41, 59.17, 59.86, 59.18], "per_class_acc": {"plane": 59.8, "car": 61.2, "bird": 56.4, "cat": 43.3, "deer": 38.0, "dog": 45.6, "frog": 77.2, "horse": 73.6, "ship": 73.0, "truck": 63.7}}