{"training_loss": [1.834945226874193, 1.3431810079633122, 1.0891905551981134, 0.9222628977292638, 0.8186284076527256, 0.7360542426481271, 0.675520137828939, 0.6185886342354747, 0.565727720480136, 0.5376867208334491, 0.5185187504724469, 0.4895262920185733, 0.4710113304045499, 0.4644751828497328, 0.4452317369258617, 0.4299822462641675, 0.42344651887636353, 0.4182280026890738, 0.40470347643051, 0.4015017754357794], "training_acc": [33.27, 50.868, 61.018, 67.216, 70.898, 74.054, 76.47, 78.392, 80.3, 81.27, 82.018, 82.918, 83.546, 83.846, 84.384, 85.202, 85.25, 85.404, 86.044, 86.13], "val_loss": [1.5275394735457022, 1.226110892959788, 1.0733629457558258, 1.0142163189151618, 0.9789661395398876, 0.8581922831414621, 0.8280500316921668, 0.7814540070823476, 0.7062273942217042, 0.6863284254375892, 0.6749670992169199, 0.6544705908509749, 0.7208907230745388, 0.6068387069279635, 0.7392781678634354, 0.9171421014809911, 0.7439635064028487, 0.5950809155083909, 0.6024262048775637, 0.6064675774755357], "val_acc": [43.29, 55.3, 61.82, 64.3, 65.79, 70.57, 71.66, 73.25, 76.53, 76.34, 77.12, 77.74, 75.83, 79.09, 75.53, 72.15, 75.44, 79.39, 79.67, 79.52], "per_class_acc": {"plane": 88.6, "car": 89.8, "bird": 69.7, "cat": 61.9, "deer": 79.4, "dog": 68.8, "frog": 72.2, "horse": 87.2, "ship": 91.4, "truck": 86.2}}