{"train_loss": [0.9436311941271143, 0.6294160129217223, 0.536004831121608, 0.474620536733776, 0.4340174366761787, 0.40577410462335484, 0.38558243011471255, 0.3725993241795506, 0.3459229818757092, 0.34420199928941536, 0.32941091476948664, 0.32736922422271914, 0.34986215612256605, 0.32362530066790535, 0.31733264939571143, 0.30398627130438166, 0.3104297138195445, 0.31143583683843834, 0.30682346287012935, 0.3111220077381671], "val_loss": [0.7263084549292761, 0.6635075164718198, 0.6235873169985892, 0.635334387122536, 0.6426971403727565, 0.6470078406422349, 0.7272888486611986, 0.7012749812620773, 0.7494731402461755, 0.7544560622916308, 0.8796679084742359, 0.8614505807926103, 0.8593019009992139, 0.8979723248335421, 0.9291919596539407, 0.907794980883872, 0.9507674143480414, 0.9634038245821692, 0.9817742937000274, 0.9776550477316682], "train_acc": [0.714178965066318, 0.8065259356124291, 0.8322436017186624, 0.8507379039790771, 0.8625692757955041, 0.8714116694688336, 0.8767669219752164, 0.8818108225916931, 0.8873528862320195, 0.8884737530356809, 0.8933931128961953, 0.8951366834796687, 0.8914627311787783, 0.8971293355750669, 0.8977520393548789, 0.9024845880814496, 0.9027959399713557, 0.9008655582539385, 0.9029827511052992, 0.9031072918612616], "val_acc": [0.7818181818181819, 0.7952677459526775, 0.8084682440846824, 0.8077210460772105, 0.8149439601494396, 0.810958904109589, 0.8049813200498132, 0.810211706102117, 0.8039850560398506, 0.8072229140722291, 0.7967621419676214, 0.8012453300124533, 0.7997509339975093, 0.7892901618929016, 0.7890410958904109, 0.8047322540473225, 0.7915317559153175, 0.801494396014944, 0.7942714819427148, 0.7957658779576587]}